{"uuid": "5e6db469-a6c9-4b81-8987-bc29c7b61582", "counter": 973, "stdout": "\u001b[0;33mchanged: [docker-host] => {\u001b[0m\r\n\u001b[0;33m    \"changed\": true,\u001b[0m\r\n\u001b[0;33m    \"checksum\": \"7a04e963553402094fb70cee447185aad5631c2e\",\u001b[0m\r\n\u001b[0;33m    \"dest\": \"/tmp/clab-topo.yml\",\u001b[0m\r\n\u001b[0;33m    \"diff\": [],\u001b[0m\r\n\u001b[0;33m    \"gid\": 0,\u001b[0m\r\n\u001b[0;33m    \"group\": \"root\",\u001b[0m\r\n\u001b[0;33m    \"invocation\": {\u001b[0m\r\n\u001b[0;33m        \"module_args\": {\u001b[0m\r\n\u001b[0;33m            \"_original_basename\": \"tmpadp2bu8a\",\u001b[0m\r\n\u001b[0;33m            \"attributes\": null,\u001b[0m\r\n\u001b[0;33m            \"backup\": false,\u001b[0m\r\n\u001b[0;33m            \"checksum\": \"7a04e963553402094fb70cee447185aad5631c2e\",\u001b[0m\r\n\u001b[0;33m            \"content\": null,\u001b[0m\r\n\u001b[0;33m            \"dest\": \"/tmp/clab-topo.yml\",\u001b[0m\r\n\u001b[0;33m            \"directory_mode\": null,\u001b[0m\r\n\u001b[0;33m            \"follow\": false,\u001b[0m\r\n\u001b[0;33m            \"force\": true,\u001b[0m\r\n\u001b[0;33m            \"group\": null,\u001b[0m\r\n\u001b[0;33m            \"local_follow\": null,\u001b[0m\r\n\u001b[0;33m            \"mode\": null,\u001b[0m\r\n\u001b[0;33m            \"owner\": null,\u001b[0m\r\n\u001b[0;33m            \"remote_src\": null,\u001b[0m\r\n\u001b[0;33m            \"selevel\": null,\u001b[0m\r\n\u001b[0;33m            \"serole\": null,\u001b[0m\r\n\u001b[0;33m            \"setype\": null,\u001b[0m\r\n\u001b[0;33m            \"seuser\": null,\u001b[0m\r\n\u001b[0;33m            \"src\": \"/home/mddo/.ansible/tmp/ansible-tmp-1680856267.7665122-821-269445216391334/source\",\u001b[0m\r\n\u001b[0;33m            \"unsafe_writes\": false,\u001b[0m\r\n\u001b[0;33m            \"validate\": null\u001b[0m\r\n\u001b[0;33m        }\u001b[0m\r\n\u001b[0;33m    },\u001b[0m\r\n\u001b[0;33m    \"md5sum\": \"4a5165657020c8c9c9718d2bb4cf7356\",\u001b[0m\r\n\u001b[0;33m    \"mode\": \"0644\",\u001b[0m\r\n\u001b[0;33m    \"owner\": \"root\",\u001b[0m\r\n\u001b[0;33m    \"size\": 2104,\u001b[0m\r\n\u001b[0;33m    \"src\": \"/home/mddo/.ansible/tmp/ansible-tmp-1680856267.7665122-821-269445216391334/source\",\u001b[0m\r\n\u001b[0;33m    \"state\": \"file\",\u001b[0m\r\n\u001b[0;33m    \"uid\": 0\u001b[0m\r\n\u001b[0;33m}\u001b[0m", "start_line": 6183, "end_line": 6223, "runner_ident": "0ebdb7a8-c0dc-4f3c-9a5c-961e3d14642f", "event": "runner_on_ok", "pid": 25, "created": "2023-04-07T08:31:08.810714", "parent_uuid": "0242ac16-0009-530a-374b-000000000014", "event_data": {"playbook": "/data/project/playbooks/step02.yml", "playbook_uuid": "2fdbaedb-0a22-47ed-be8e-5467e2fbfa1f", "play": "docker-host", "play_uuid": "0242ac16-0009-530a-374b-00000000000f", "play_pattern": "docker-host", "task": "Creating clab-topo.yml", "task_uuid": "0242ac16-0009-530a-374b-000000000014", "task_action": "copy", "resolved_action": "ansible.builtin.copy", "task_args": "", "task_path": "/data/project/playbooks/step02.yml:120", "host": "docker-host", "remote_addr": "docker-host", "res": {"diff": [], "dest": "/tmp/clab-topo.yml", "src": "/home/mddo/.ansible/tmp/ansible-tmp-1680856267.7665122-821-269445216391334/source", "md5sum": "4a5165657020c8c9c9718d2bb4cf7356", "checksum": "7a04e963553402094fb70cee447185aad5631c2e", "changed": true, "uid": 0, "gid": 0, "owner": "root", "group": "root", "mode": "0644", "state": "file", "size": 2104, "invocation": {"module_args": {"dest": "/tmp/clab-topo.yml", "src": "/home/mddo/.ansible/tmp/ansible-tmp-1680856267.7665122-821-269445216391334/source", "_original_basename": "tmpadp2bu8a", "follow": false, "checksum": "7a04e963553402094fb70cee447185aad5631c2e", "backup": false, "force": true, "unsafe_writes": false, "content": null, "validate": null, "directory_mode": null, "remote_src": null, "local_follow": null, "mode": null, "owner": null, "group": null, "seuser": null, "serole": null, "selevel": null, "setype": null, "attributes": null}}, "_ansible_no_log": false}, "start": "2023-04-07T08:31:07.676993", "end": "2023-04-07T08:31:08.810219", "duration": 1.133226, "event_loop": null, "uuid": "5e6db469-a6c9-4b81-8987-bc29c7b61582"}}